{"loss": [1.9387459754943848, 1.4542043209075928, 1.2283082008361816, 1.116302251815796, 1.015028476715088, 0.9023720026016235, 0.8289428949356079, 0.7336302995681763, 0.7261790037155151, 0.6699123382568359, 0.6222730875015259, 0.5959048867225647, 0.5681559443473816, 0.5547423362731934, 0.47444772720336914, 0.47612306475639343, 0.46647733449935913, 0.4655040204524994, 0.44873785972595215, 0.41127413511276245, 0.40874454379081726, 0.36056941747665405, 0.35127341747283936, 0.36749809980392456, 0.33231857419013977, 0.3367936909198761, 0.3192245066165924, 0.30209630727767944, 0.3005771040916443, 0.2798957824707031, 0.2660618722438812, 0.27012911438941956, 0.25151360034942627, 0.2666499614715576, 0.2593691945075989, 0.24849192798137665, 0.22203226387500763, 0.22700363397598267, 0.22296704351902008, 0.20841993391513824, 0.20137256383895874, 0.20482277870178223, 0.19277232885360718, 0.1873209923505783, 0.2563762664794922, 0.21860119700431824, 0.2063918262720108, 0.18438765406608582, 0.1923850029706955, 0.1549857258796692], "accuracy": [0.3506556451320648, 0.4565322995185852, 0.5395823121070862, 0.5820786952972412, 0.6206896305084229, 0.6624575257301331, 0.680184543132782, 0.7209810614585876, 0.7190383672714233, 0.7398200631141663, 0.7601799368858337, 0.7671199440956116, 0.7855755090713501, 0.7867897152900696, 0.8166585564613342, 0.8178727626800537, 0.8254006505012512, 0.8190869092941284, 0.8295288681983948, 0.8443419337272644, 0.8431277275085449, 0.8632831573486328, 0.8666828274726868, 0.8647401928901672, 0.8734822869300842, 0.8754249811172485, 0.8783389925956726, 0.8890237808227539, 0.8856241106987, 0.9004371166229248, 0.9021369814872742, 0.8999514579772949, 0.9086935520172119, 0.9018941521644592, 0.9035939574241638, 0.9065080285072327, 0.9184070229530334, 0.9176784753799438, 0.9164643287658691, 0.9179213047027588, 0.9261777400970459, 0.9239922165870667, 0.9332200288772583, 0.9303059577941895, 0.9043225049972534, 0.9227780699729919, 0.9235065579414368, 0.9273919463157654, 0.9281204342842102, 0.9412336349487305], "val_loss": [3.9302592277526855, 2.071439266204834, 1.6320348978042603, 1.6723389625549316, 1.69400954246521, 1.4933881759643555, 1.2459901571273804, 1.3695350885391235, 1.050295352935791, 1.1382404565811157, 0.8591436743736267, 0.792571485042572, 0.7172832489013672, 0.6944979429244995, 0.6268825531005859, 0.6766754388809204, 0.6353985071182251, 0.8187844753265381, 0.5964084267616272, 0.6459382772445679, 0.5899013876914978, 0.5607274770736694, 0.653671145439148, 0.6206251382827759, 0.6369702219963074, 0.573981523513794, 0.7178896069526672, 0.5969034433364868, 0.8324308395385742, 0.5935656428337097, 0.5990302562713623, 0.675899863243103, 0.867608904838562, 0.6219879388809204, 0.7780638337135315, 0.668613076210022, 0.6379428505897522, 1.4446485042572021, 0.9283766746520996, 0.699642539024353, 0.64021897315979, 0.612808346748352, 0.6395188570022583, 2.4730918407440186, 0.9157440662384033, 0.7130544781684875, 0.886424720287323, 0.6661614179611206, 0.7288187742233276, 0.608805775642395], "val_accuracy": [0.181640625, 0.23828125, 0.283203125, 0.345703125, 0.31640625, 0.427734375, 0.51171875, 0.478515625, 0.58984375, 0.57421875, 0.67578125, 0.6640625, 0.724609375, 0.728515625, 0.7578125, 0.736328125, 0.7734375, 0.7265625, 0.796875, 0.775390625, 0.791015625, 0.80078125, 0.779296875, 0.791015625, 0.779296875, 0.79296875, 0.7578125, 0.806640625, 0.75390625, 0.806640625, 0.8125, 0.8046875, 0.763671875, 0.787109375, 0.78515625, 0.7890625, 0.80078125, 0.642578125, 0.76171875, 0.8203125, 0.814453125, 0.8046875, 0.814453125, 0.73046875, 0.748046875, 0.7890625, 0.767578125, 0.7734375, 0.7890625, 0.83203125]}