{"loss": [0.29373809695243835, 0.21040396392345428, 0.19210024178028107, 0.1685996800661087, 0.21127523481845856, 0.20892399549484253, 0.18864566087722778, 0.17083656787872314, 0.1602039784193039, 0.1622440218925476, 0.1441117227077484, 0.14843398332595825, 0.13962304592132568, 0.11312950402498245, 0.13830387592315674, 0.1106560081243515, 0.10814843326807022, 0.09894707053899765, 0.11400525271892548, 0.10426062345504761, 0.10071677714586258, 0.12462010979652405, 0.10864128917455673, 0.08312548696994781, 0.07511096447706223, 0.10719694942235947, 0.10596807301044464, 0.11625970900058746, 0.094831183552742, 0.06825556606054306, 0.07147262990474701, 0.08496153354644775, 0.09401290863752365, 0.07367955893278122, 0.07995577156543732, 0.08621834218502045, 0.07183058559894562, 0.07446695119142532, 0.07085808366537094, 0.06466466933488846, 0.06039745360612869, 0.06405407190322876, 0.053620919585227966, 0.0466165691614151, 0.06228485703468323, 0.07483793050050735, 0.09563135355710983, 0.07867143303155899, 0.058991655707359314, 0.06806274503469467], "accuracy": [0.8912093043327332, 0.9273919463157654, 0.9358912110328674, 0.948761522769928, 0.9283632636070251, 0.9278776049613953, 0.9356483817100525, 0.9439048171043396, 0.9482758641242981, 0.9434191584587097, 0.9524040818214417, 0.9536182880401611, 0.9524040818214417, 0.9652743935585022, 0.9521780014038086, 0.9662457704544067, 0.9689169526100159, 0.968188464641571, 0.9633316993713379, 0.968431293964386, 0.9694026112556458, 0.9579893350601196, 0.9650315642356873, 0.9776590466499329, 0.9791160821914673, 0.9609033465385437, 0.9650315642356873, 0.9633316993713379, 0.9718309640884399, 0.980330228805542, 0.9779018759727478, 0.9730451703071594, 0.9694026112556458, 0.9781447052955627, 0.9742593765258789, 0.9725595116615295, 0.9762020111083984, 0.9788732528686523, 0.9764449000358582, 0.9810587763786316, 0.9796017408370972, 0.9822729229927063, 0.9832442998886108, 0.9871296882629395, 0.9805731177330017, 0.9732879996299744, 0.9672170877456665, 0.9742593765258789, 0.9817872643470764, 0.9781447052955627], "val_loss": [0.8635326027870178, 0.8643562197685242, 0.9193596839904785, 1.006873369216919, 0.9958183169364929, 0.9071429371833801, 0.9465349912643433, 1.0230650901794434, 0.989089846611023, 0.9245095252990723, 0.983681321144104, 0.9367044568061829, 0.9374572038650513, 1.0438053607940674, 1.03403639793396, 1.0160486698150635, 1.0243891477584839, 0.9541692733764648, 1.0090408325195312, 0.9375385642051697, 1.0474109649658203, 1.1567072868347168, 1.0701771974563599, 1.0930566787719727, 1.014761209487915, 1.0721899271011353, 1.0567981004714966, 1.1141412258148193, 1.0468116998672485, 1.1178953647613525, 1.1359388828277588, 1.2582653760910034, 1.069804072380066, 1.099092721939087, 1.0375523567199707, 1.0748988389968872, 1.135256052017212, 1.0891754627227783, 1.1829125881195068, 1.1548714637756348, 1.1229639053344727, 1.153331995010376, 1.1775065660476685, 1.1322572231292725, 1.1367802619934082, 1.175286889076233, 1.3343230485916138, 1.2369098663330078, 1.2702794075012207, 1.3167744874954224], "val_accuracy": [0.708984375, 0.70703125, 0.71875, 0.67578125, 0.705078125, 0.716796875, 0.701171875, 0.6875, 0.6953125, 0.72265625, 0.703125, 0.73046875, 0.708984375, 0.697265625, 0.708984375, 0.70703125, 0.73828125, 0.736328125, 0.703125, 0.736328125, 0.716796875, 0.70703125, 0.71875, 0.71875, 0.732421875, 0.724609375, 0.720703125, 0.72265625, 0.71875, 0.712890625, 0.716796875, 0.693359375, 0.712890625, 0.720703125, 0.7109375, 0.72265625, 0.716796875, 0.728515625, 0.703125, 0.705078125, 0.720703125, 0.728515625, 0.724609375, 0.72265625, 0.736328125, 0.724609375, 0.72265625, 0.7109375, 0.7265625, 0.705078125]}