{"loss": [1.5981661081314087, 0.9933255314826965, 0.8529125452041626, 0.8063163161277771, 0.7065640091896057, 0.6718763709068298, 0.6186010241508484, 0.5641175508499146, 0.5399158596992493, 0.5152093768119812, 0.5021805763244629, 0.4508502781391144, 0.4547080397605896, 0.41620612144470215, 0.39093929529190063, 0.39517128467559814, 0.3591110110282898, 0.3413471281528473, 0.34264370799064636, 0.3013218641281128, 0.2989124357700348, 0.28162720799446106, 0.2536437511444092, 0.2539369761943817, 0.2260330468416214, 0.24471013247966766, 0.21894724667072296, 0.20035918056964874, 0.19394683837890625, 0.205208882689476, 0.18008364737033844, 0.19661575555801392, 0.17251750826835632, 0.16948296129703522, 0.16475634276866913, 0.14503848552703857, 0.12927402555942535, 0.14136135578155518, 0.13134624063968658, 0.14052654802799225, 0.1424083262681961, 0.14327819645404816, 0.11396335810422897, 0.12754391133785248, 0.11415177583694458, 0.09624389559030533, 0.09103512763977051, 0.09324993938207626, 0.09212157130241394, 0.0910005122423172], "accuracy": [0.4332199990749359, 0.614618718624115, 0.6794560551643372, 0.6920835375785828, 0.7374939322471619, 0.7540068030357361, 0.7734336853027344, 0.8028169274330139, 0.8047596216201782, 0.8108304738998413, 0.8176299333572388, 0.8438562154769897, 0.8329285979270935, 0.8530840277671814, 0.8620689511299133, 0.8593977689743042, 0.8669257164001465, 0.8836814165115356, 0.8763962984085083, 0.8984944224357605, 0.8963088989257812, 0.9023798108100891, 0.9137930870056152, 0.9142788052558899, 0.9271491169929504, 0.9147644639015198, 0.9303059577941895, 0.9339485168457031, 0.9366196990013123, 0.9269062876701355, 0.9409907460212708, 0.9349198937416077, 0.9424477815628052, 0.945604681968689, 0.948761522769928, 0.9521612524986267, 0.9613890051841736, 0.9550752639770508, 0.9589606523513794, 0.9531325697898865, 0.9550752639770508, 0.9463331699371338, 0.9635745286941528, 0.9579893350601196, 0.963088870048523, 0.9720643758773804, 0.9752306938171387, 0.9732879996299744, 0.9745022058486938, 0.9742593765258789], "val_loss": [1.0875463485717773, 0.9609616994857788, 0.928274393081665, 0.8495745658874512, 0.8345315456390381, 0.790682852268219, 0.7912132740020752, 0.7746697664260864, 0.8336122632026672, 0.8256667852401733, 0.7569043636322021, 0.8410678505897522, 0.7872303128242493, 0.7771403789520264, 0.8269527554512024, 0.8173667788505554, 0.8598265647888184, 0.8148506879806519, 0.8604960441589355, 0.8738304376602173, 0.826936662197113, 0.8635777235031128, 0.8899790644645691, 0.8440731763839722, 0.8619795441627502, 0.8848190307617188, 0.8400331735610962, 0.8930802345275879, 1.0075232982635498, 0.9173077344894409, 0.9562987089157104, 1.020772933959961, 0.892798662185669, 0.9607590436935425, 0.9615722298622131, 0.9397777318954468, 0.9429153203964233, 1.0086872577667236, 0.9134325981140137, 0.9647718667984009, 1.0073723793029785, 1.019528865814209, 1.0635091066360474, 1.0372350215911865, 1.060172200202942, 1.0579619407653809, 1.107411503791809, 1.0175975561141968, 1.0485252141952515, 1.103421926498413], "val_accuracy": [0.5703125, 0.640625, 0.626953125, 0.634765625, 0.62890625, 0.673828125, 0.669921875, 0.689453125, 0.671875, 0.677734375, 0.708984375, 0.658203125, 0.7109375, 0.703125, 0.6953125, 0.6875, 0.6875, 0.71875, 0.69140625, 0.7109375, 0.703125, 0.693359375, 0.703125, 0.71484375, 0.720703125, 0.697265625, 0.732421875, 0.69140625, 0.69921875, 0.73046875, 0.7109375, 0.6953125, 0.71875, 0.705078125, 0.708984375, 0.701171875, 0.728515625, 0.708984375, 0.716796875, 0.72265625, 0.724609375, 0.716796875, 0.7265625, 0.724609375, 0.6953125, 0.71875, 0.716796875, 0.720703125, 0.720703125, 0.716796875]}