{"loss": [0.18917471170425415, 0.07375925034284592, 0.10474658012390137, 0.10027999430894852, 0.07705548405647278, 0.0960809737443924, 0.10383366048336029, 0.10467281937599182, 0.12307155877351761, 0.093669593334198, 0.07615845650434494, 0.08061206340789795, 0.07469745725393295, 0.07064677029848099, 0.09262534976005554, 0.08128324896097183, 0.08879973739385605, 0.06952160596847534, 0.06587516516447067, 0.0782269835472107, 0.08374111354351044, 0.06507595628499985, 0.06494782865047455, 0.07948470115661621, 0.11378227174282074, 0.06895794719457626, 0.07617299258708954, 0.07091032713651657, 0.14608758687973022, 0.08804075419902802, 0.07044627517461777, 0.044841181486845016, 0.05339716374874115, 0.04265506938099861, 0.06350062787532806, 0.049089331179857254, 0.06193676218390465, 0.059448979794979095, 0.07278791815042496, 0.049032632261514664, 0.05506359413266182, 0.05660708621144295, 0.0544280931353569, 0.052938029170036316, 0.07884111255407333, 0.050077103078365326, 0.0659174770116806, 0.045411475002765656, 0.05377281457185745, 0.044079456478357315], "accuracy": [0.9361340403556824, 0.9762020111083984, 0.9635745286941528, 0.9643030762672424, 0.9737736582756042, 0.9660029411315918, 0.9618747234344482, 0.9611461758613586, 0.9594463109970093, 0.9652743935585022, 0.9728023409843445, 0.9718309640884399, 0.9764449000358582, 0.9735308289527893, 0.9664885997772217, 0.971588134765625, 0.9679455757141113, 0.9725595116615295, 0.9776590466499329, 0.9720737934112549, 0.9674599170684814, 0.9791160821914673, 0.9752306938171387, 0.9711024761199951, 0.957503616809845, 0.9749878644943237, 0.9745022058486938, 0.9757163524627686, 0.9441476464271545, 0.9706168174743652, 0.9737736582756042, 0.9837299585342407, 0.9803503751754761, 0.9854298233985901, 0.9776590466499329, 0.9815444350242615, 0.9796017408370972, 0.980330228805542, 0.9745022058486938, 0.9815444350242615, 0.980330228805542, 0.9796401262283325, 0.9830014705657959, 0.9798445701599121, 0.9696454405784607, 0.9832442998886108, 0.976930558681488, 0.98591548204422, 0.9793589115142822, 0.9839727878570557], "val_loss": [1.356142520904541, 1.1914916038513184, 1.2278720140457153, 1.2063405513763428, 1.2977848052978516, 1.2401341199874878, 1.348802089691162, 1.285427451133728, 1.180975317955017, 1.3615589141845703, 1.4474549293518066, 1.402214765548706, 1.3640007972717285, 1.3662976026535034, 1.3705835342407227, 1.3780003786087036, 1.4075567722320557, 1.380936861038208, 1.4214003086090088, 1.4286407232284546, 1.38374662399292, 1.4905433654785156, 1.4340169429779053, 1.6196956634521484, 1.3469712734222412, 1.4889088869094849, 1.422124981880188, 1.647111415863037, 1.463555932044983, 1.4884254932403564, 1.5890207290649414, 1.4409492015838623, 1.5732883214950562, 1.6480097770690918, 1.5157055854797363, 1.5394670963287354, 1.673241138458252, 1.5986758470535278, 1.5226068496704102, 1.6229119300842285, 1.3976974487304688, 1.6053844690322876, 1.6557260751724243, 1.5277867317199707, 1.516822338104248, 1.6943488121032715, 1.4729304313659668, 1.6297204494476318, 1.6764696836471558, 1.5585447549819946], "val_accuracy": [0.705078125, 0.736328125, 0.7265625, 0.7265625, 0.7265625, 0.734375, 0.70703125, 0.705078125, 0.724609375, 0.728515625, 0.712890625, 0.736328125, 0.71875, 0.7109375, 0.7109375, 0.71484375, 0.720703125, 0.732421875, 0.708984375, 0.71875, 0.72265625, 0.70703125, 0.71875, 0.720703125, 0.720703125, 0.69921875, 0.708984375, 0.669921875, 0.697265625, 0.705078125, 0.703125, 0.72265625, 0.7265625, 0.6953125, 0.7109375, 0.720703125, 0.708984375, 0.71484375, 0.73046875, 0.7265625, 0.728515625, 0.7109375, 0.7109375, 0.72265625, 0.740234375, 0.697265625, 0.728515625, 0.71875, 0.708984375, 0.720703125]}