{"loss": [1.3848885297775269, 1.0156517028808594, 0.8859909176826477, 0.7946698069572449, 0.742521345615387, 0.6534602046012878, 0.5832158327102661, 0.5744768977165222, 0.4986075460910797, 0.48178502917289734, 0.4386774003505707, 0.4326581656932831, 0.37502023577690125, 0.371184378862381, 0.32303449511528015, 0.32206273078918457, 0.29986363649368286, 0.3174627721309662, 0.26794931292533875, 0.27224263548851013, 0.20474855601787567, 0.2459472268819809, 0.24340499937534332, 0.1960117667913437, 0.17672422528266907, 0.15970727801322937, 0.18012341856956482, 0.16792336106300354, 0.14453022181987762, 0.14799143373966217, 0.19655179977416992, 0.14468899369239807, 0.16767239570617676, 0.14609171450138092, 0.14646939933300018, 0.13717159628868103, 0.14285680651664734, 0.12683327496051788, 0.1280294954776764, 0.11481396108865738, 0.09864360094070435, 0.1408202201128006, 0.11257278174161911, 0.10281409323215485, 0.08606715500354767, 0.1023908257484436, 0.0969381257891655, 0.10648213326931, 0.10218285769224167, 0.07305743545293808], "accuracy": [0.45046138763427734, 0.6015055775642395, 0.6563866138458252, 0.6976687908172607, 0.7166100144386292, 0.7507102489471436, 0.7865468859672546, 0.7790189385414124, 0.8164157271385193, 0.8149586915969849, 0.8382710218429565, 0.8322001099586487, 0.8652258515357971, 0.8552695512771606, 0.885381281375885, 0.8856241106987, 0.8921806812286377, 0.880038857460022, 0.9045653343200684, 0.902865469455719, 0.9341913461685181, 0.9142788052558899, 0.9079650044441223, 0.9324914813041687, 0.9405050873756409, 0.94317626953125, 0.9378339052200317, 0.9361340403556824, 0.9536182880401611, 0.9451189637184143, 0.9266634583473206, 0.9490043520927429, 0.9356483817100525, 0.9443904757499695, 0.9460903406143188, 0.954346776008606, 0.9516755938529968, 0.9548324346542358, 0.948761522769928, 0.9587178230285645, 0.9635745286941528, 0.9511898756027222, 0.9609033465385437, 0.9635745286941528, 0.9701704382896423, 0.9604176878929138, 0.9633316993713379, 0.962846040725708, 0.9662457704544067, 0.9764449000358582], "val_loss": [1.1141448020935059, 0.9388517737388611, 0.8128744959831238, 0.8271348476409912, 0.808682918548584, 0.7821933031082153, 0.7578496336936951, 0.7899021506309509, 0.8218274116516113, 0.8216753005981445, 0.8189553618431091, 0.7831897735595703, 0.8335734605789185, 0.8351288437843323, 0.8078309297561646, 0.8875530958175659, 0.9593101739883423, 0.870048999786377, 0.9246853590011597, 0.8746882677078247, 1.0127370357513428, 0.8857069611549377, 1.0062384605407715, 0.9807932376861572, 0.9916322231292725, 1.1129194498062134, 1.0424444675445557, 1.1799862384796143, 1.1102920770645142, 1.2413091659545898, 1.1617032289505005, 1.0907915830612183, 1.0865992307662964, 1.2304022312164307, 1.1212164163589478, 1.1285427808761597, 1.1754698753356934, 1.1342408657073975, 1.1684658527374268, 1.2307138442993164, 1.2317695617675781, 1.3594332933425903, 1.3364739418029785, 1.31410813331604, 1.2069923877716064, 1.347663402557373, 1.4032201766967773, 1.2566206455230713, 1.3973498344421387, 1.3388288021087646], "val_accuracy": [0.52734375, 0.623046875, 0.662109375, 0.630859375, 0.6796875, 0.6796875, 0.705078125, 0.669921875, 0.66015625, 0.701171875, 0.681640625, 0.697265625, 0.69921875, 0.705078125, 0.693359375, 0.6796875, 0.6796875, 0.7109375, 0.705078125, 0.724609375, 0.71875, 0.72265625, 0.689453125, 0.712890625, 0.7109375, 0.70703125, 0.720703125, 0.701171875, 0.71484375, 0.693359375, 0.685546875, 0.720703125, 0.716796875, 0.71484375, 0.6953125, 0.724609375, 0.7109375, 0.71875, 0.72265625, 0.693359375, 0.712890625, 0.697265625, 0.69921875, 0.701171875, 0.7265625, 0.728515625, 0.6875, 0.72265625, 0.70703125, 0.71484375]}