{"loss": [1.9945076704025269, 1.4074931144714355, 1.2206140756607056, 1.0438768863677979, 0.9684070348739624, 0.8884546160697937, 0.8387265205383301, 0.7385991811752319, 0.697638750076294, 0.6982045769691467, 0.6637340188026428, 0.6286200284957886, 0.6046328544616699, 0.5738305449485779, 0.5556584596633911, 0.5362648367881775, 0.5192533731460571, 0.49590232968330383, 0.4783157706260681, 0.44147172570228577, 0.4537754952907562, 0.431252658367157, 0.39216747879981995, 0.3957534730434418, 0.3802609145641327, 0.36526939272880554, 0.32878920435905457, 0.3128567636013031, 0.32668113708496094, 0.33670201897621155, 0.31988632678985596, 0.30916735529899597, 0.28192004561424255, 0.2663876712322235, 0.24336667358875275, 0.24767431616783142, 0.22849847376346588, 0.22870109975337982, 0.22819127142429352, 0.19989001750946045, 0.21156170964241028, 0.2124364674091339, 0.2157745063304901, 0.18283645808696747, 0.20645609498023987, 0.18492484092712402, 0.171751469373703, 0.16641482710838318, 0.17852023243904114, 0.1610325574874878], "accuracy": [0.3530840277671814, 0.4740165174007416, 0.537153959274292, 0.6032054424285889, 0.6328314542770386, 0.6583293080329895, 0.6821272373199463, 0.717095673084259, 0.731665849685669, 0.7253521084785461, 0.7447789907455444, 0.7615347504615784, 0.7603205442428589, 0.7841185331344604, 0.7814472913742065, 0.796746015548706, 0.7994171977043152, 0.8183584213256836, 0.8098591566085815, 0.8329285979270935, 0.8273433446884155, 0.8305002450942993, 0.8504128456115723, 0.8477416038513184, 0.8593977689743042, 0.8671875, 0.8766391277313232, 0.882952868938446, 0.8766391277313232, 0.8790674805641174, 0.8861097693443298, 0.8822243809700012, 0.8958232402801514, 0.9021369814872742, 0.9135502576828003, 0.9099076986312866, 0.9101505875587463, 0.9118503928184509, 0.9126420617103577, 0.9261363744735718, 0.9254492521286011, 0.9252064228057861, 0.9181641340255737, 0.9334628582000732, 0.9230208992958069, 0.9341913461685181, 0.9378339052200317, 0.9407479166984558, 0.934677004814148, 0.940019428730011], "val_loss": [4.654688358306885, 2.760601043701172, 2.0951311588287354, 1.6984022855758667, 1.6857651472091675, 0.9845613837242126, 1.2014647722244263, 0.8965349793434143, 0.8104917407035828, 0.7494531869888306, 0.7505128383636475, 0.6864076852798462, 0.8923763036727905, 0.6394808292388916, 0.6471021771430969, 0.6606453061103821, 0.662288248538971, 0.6912521123886108, 0.6943563222885132, 0.7012196779251099, 0.6397436857223511, 0.6952824592590332, 0.5635846257209778, 0.8663208484649658, 0.6550028324127197, 0.7421855926513672, 0.7495189905166626, 0.809688150882721, 1.264967441558838, 0.8742920160293579, 0.9819920063018799, 0.6466667056083679, 1.1725108623504639, 0.6042281985282898, 0.6181300282478333, 0.7299373745918274, 0.7616413831710815, 0.8761805295944214, 2.2384023666381836, 0.6421921849250793, 0.6019550561904907, 0.5886821746826172, 0.6677080988883972, 0.7700145244598389, 1.8822518587112427, 1.3424110412597656, 0.7285333275794983, 0.633997917175293, 0.678402841091156, 0.6218450665473938], "val_accuracy": [0.1875, 0.287109375, 0.328125, 0.353515625, 0.3984375, 0.650390625, 0.54296875, 0.66015625, 0.68359375, 0.724609375, 0.703125, 0.748046875, 0.71875, 0.76953125, 0.755859375, 0.78515625, 0.74609375, 0.76953125, 0.748046875, 0.75, 0.759765625, 0.775390625, 0.814453125, 0.748046875, 0.796875, 0.798828125, 0.798828125, 0.814453125, 0.71484375, 0.744140625, 0.78515625, 0.822265625, 0.755859375, 0.806640625, 0.810546875, 0.78515625, 0.802734375, 0.791015625, 0.779296875, 0.830078125, 0.80859375, 0.814453125, 0.814453125, 0.79296875, 0.697265625, 0.75, 0.806640625, 0.80859375, 0.818359375, 0.810546875]}