{"loss": [2.18510103225708, 1.7528983354568481, 1.5422204732894897, 1.3752130270004272, 1.23891282081604, 1.1307333707809448, 1.0697120428085327, 0.9604617953300476, 0.9167806506156921, 0.8612499833106995, 0.8381340503692627, 0.7782954573631287, 0.755004346370697, 0.7390884160995483, 0.7110636234283447, 0.652085542678833, 0.6437155604362488, 0.5898705124855042, 0.5714938640594482, 0.5605466365814209, 0.5353356003761292, 0.539478600025177, 0.5050341486930847, 0.4985203444957733, 0.4909761846065521, 0.47185781598091125, 0.4469331204891205, 0.40510469675064087, 0.4123513996601105, 0.3856218159198761, 0.3825104236602783, 0.385915070772171, 0.39097723364830017, 0.3465691804885864, 0.33627671003341675, 0.33338651061058044, 0.32027503848075867, 0.29686975479125977, 0.2705551087856293, 0.2736872136592865, 0.2825026512145996, 0.2733457386493683, 0.2389591932296753, 0.22675515711307526, 0.22255957126617432, 0.26252904534339905, 0.2529923617839813, 0.2323674112558365, 0.2208452671766281, 0.2098870873451233], "accuracy": [0.32321515679359436, 0.3902379870414734, 0.4451189935207367, 0.4885866940021515, 0.5320544242858887, 0.5575522184371948, 0.5881496071815491, 0.6226323246955872, 0.6442447900772095, 0.671442449092865, 0.6784846782684326, 0.7044681906700134, 0.7034968137741089, 0.714181661605835, 0.7340942025184631, 0.7530354261398315, 0.7515784502029419, 0.7673627734184265, 0.7734336853027344, 0.7931034564971924, 0.7909179329872131, 0.7979601621627808, 0.8071879744529724, 0.8067022562026978, 0.8137445449829102, 0.8173871040344238, 0.8273433446884155, 0.8467702865600586, 0.8406993746757507, 0.8518698215484619, 0.8540553450584412, 0.851626992225647, 0.851384162902832, 0.8671685457229614, 0.8722680807113647, 0.874453604221344, 0.8780961632728577, 0.8856241106987, 0.8982515931129456, 0.8984944224357605, 0.8943662047386169, 0.8958232402801514, 0.9150072932243347, 0.9159786105155945, 0.9205925464630127, 0.9014084339141846, 0.9052938222885132, 0.911364734172821, 0.9152501225471497, 0.9210782051086426], "val_loss": [11.548948287963867, 2.501678943634033, 1.6486310958862305, 1.4628205299377441, 1.628303050994873, 1.02902352809906, 0.9806022644042969, 0.9421026706695557, 0.8026267886161804, 0.7032127976417542, 0.7863186001777649, 0.6767436265945435, 0.6591257452964783, 0.8123793601989746, 0.7294586300849915, 0.6565775871276855, 0.6761473417282104, 0.6450462341308594, 0.800661563873291, 0.6954821348190308, 0.7387476563453674, 0.7335484027862549, 0.76573246717453, 0.7544921636581421, 0.6379599571228027, 0.6393114924430847, 0.575581431388855, 0.6149066090583801, 0.7374985218048096, 0.6696146130561829, 0.5306156277656555, 0.6226390600204468, 0.6241907477378845, 0.606052041053772, 0.8265711665153503, 0.6679284572601318, 0.6634291410446167, 0.6250849962234497, 0.5966505408287048, 0.7107939720153809, 0.6294345855712891, 0.6230065226554871, 0.6981236338615417, 0.7317318916320801, 0.5952870845794678, 0.6730124950408936, 0.6717396974563599, 0.6648085117340088, 0.7586820125579834, 0.6706361770629883], "val_accuracy": [0.14453125, 0.279296875, 0.380859375, 0.4375, 0.4375, 0.595703125, 0.595703125, 0.630859375, 0.703125, 0.716796875, 0.6875, 0.744140625, 0.740234375, 0.68359375, 0.734375, 0.75, 0.740234375, 0.7578125, 0.693359375, 0.736328125, 0.7265625, 0.736328125, 0.744140625, 0.716796875, 0.767578125, 0.76953125, 0.7890625, 0.779296875, 0.751953125, 0.76171875, 0.822265625, 0.796875, 0.79296875, 0.80078125, 0.748046875, 0.787109375, 0.787109375, 0.79296875, 0.806640625, 0.77734375, 0.810546875, 0.8046875, 0.7734375, 0.7734375, 0.80078125, 0.80078125, 0.791015625, 0.80859375, 0.787109375, 0.794921875]}