{"loss": [1.4851186275482178, 1.0338364839553833, 0.9056128859519958, 0.8047721982002258, 0.734795331954956, 0.6772292852401733, 0.6402949094772339, 0.604092538356781, 0.5728294253349304, 0.5474259257316589, 0.48290300369262695, 0.4757304787635803, 0.4557850956916809, 0.43676143884658813, 0.40685468912124634, 0.38789278268814087, 0.38114455342292786, 0.35952726006507874, 0.32919374108314514, 0.312409907579422, 0.2996669411659241, 0.291414350271225, 0.26747775077819824, 0.29500672221183777, 0.2539074718952179, 0.22767801582813263, 0.2344048172235489, 0.21223677694797516, 0.21945707499980927, 0.20046460628509521, 0.1986321061849594, 0.2320476919412613, 0.18976739048957825, 0.19005900621414185, 0.17380690574645996, 0.16739366948604584, 0.16370165348052979, 0.1535743921995163, 0.16786733269691467, 0.15128155052661896, 0.13792243599891663, 0.1280439794063568, 0.15051111578941345, 0.12828773260116577, 0.12435092031955719, 0.11088401079177856, 0.10234618932008743, 0.11097677052021027, 0.10602249205112457, 0.11769720911979675], "accuracy": [0.42982029914855957, 0.6053909659385681, 0.6617289781570435, 0.6969402432441711, 0.7323943376541138, 0.7561923265457153, 0.7639631032943726, 0.7814472913742065, 0.7938319444656372, 0.8069451451301575, 0.8355997800827026, 0.8314715623855591, 0.8346284627914429, 0.8443419337272644, 0.8586692810058594, 0.8623117804527283, 0.8661971688270569, 0.8756678104400635, 0.8846527338027954, 0.8963088989257812, 0.8965517282485962, 0.8982515931129456, 0.9174356460571289, 0.8987372517585754, 0.9157357811927795, 0.9252064228057861, 0.9215638637542725, 0.931277334690094, 0.9281204342842102, 0.9339485168457031, 0.9368625283241272, 0.9179213047027588, 0.9368625283241272, 0.9361340403556824, 0.9451189637184143, 0.9429334402084351, 0.9463331699371338, 0.9497328996658325, 0.9482758641242981, 0.9528897404670715, 0.95726078748703, 0.9606605172157288, 0.9511898756027222, 0.9589606523513794, 0.9611461758613586, 0.963088870048523, 0.9694026112556458, 0.9677027463912964, 0.968188464641571, 0.9584749937057495], "val_loss": [1.1600847244262695, 0.9666397571563721, 0.8831408619880676, 0.8768066167831421, 0.8518388271331787, 0.8225004076957703, 0.7809988260269165, 0.7895820140838623, 0.8193783760070801, 0.7331987023353577, 0.7960022687911987, 0.7545385360717773, 0.7909621596336365, 0.8229418992996216, 0.7730450630187988, 0.844377338886261, 0.8182975649833679, 0.7876889109611511, 0.7729944586753845, 0.8546913862228394, 0.7927685976028442, 0.8559461832046509, 0.8433741927146912, 0.7741796970367432, 0.8438501358032227, 0.8202264308929443, 0.8959863185882568, 0.7990548610687256, 0.8690750598907471, 0.9218524694442749, 0.9758259057998657, 0.9262373447418213, 0.9640715718269348, 0.8693667054176331, 0.8932657241821289, 1.020174264907837, 0.9168625473976135, 0.958848237991333, 0.9577839970588684, 1.0091190338134766, 0.913811206817627, 0.8522204160690308, 0.9144190549850464, 0.9243090152740479, 0.9793483018875122, 0.9138384461402893, 0.9649897813796997, 1.022591233253479, 0.991197407245636, 1.0572128295898438], "val_accuracy": [0.51953125, 0.623046875, 0.640625, 0.62890625, 0.666015625, 0.65234375, 0.662109375, 0.66015625, 0.6640625, 0.68359375, 0.6875, 0.70703125, 0.669921875, 0.693359375, 0.71484375, 0.6953125, 0.697265625, 0.7109375, 0.71875, 0.681640625, 0.703125, 0.7109375, 0.701171875, 0.720703125, 0.703125, 0.71484375, 0.705078125, 0.7265625, 0.716796875, 0.71484375, 0.69140625, 0.7109375, 0.69140625, 0.72265625, 0.7265625, 0.703125, 0.70703125, 0.708984375, 0.724609375, 0.7109375, 0.703125, 0.71875, 0.728515625, 0.720703125, 0.71875, 0.734375, 0.716796875, 0.703125, 0.728515625, 0.716796875]}