{"loss": [0.16718396544456482, 0.11326245218515396, 0.1111718937754631, 0.10850556939840317, 0.09682504087686539, 0.12924125790596008, 0.11805525422096252, 0.1109536662697792, 0.13117174804210663, 0.09510011225938797, 0.10154199600219727, 0.09065138548612595, 0.08509226143360138, 0.07695940136909485, 0.07232756167650223, 0.10365517437458038, 0.08358709514141083, 0.080213263630867, 0.08273890614509583, 0.07167541235685349, 0.06263487786054611, 0.07688223570585251, 0.08408196270465851, 0.09447304159402847, 0.09022336453199387, 0.07766605913639069, 0.07235760241746902, 0.06930941343307495, 0.07006321102380753, 0.09696365892887115, 0.05690045654773712, 0.04892320930957794, 0.05721106380224228, 0.0803622454404831, 0.0650758221745491, 0.055854763835668564, 0.0547371432185173, 0.054791588336229324, 0.04727951064705849, 0.05411096289753914, 0.05443842336535454, 0.04768428951501846, 0.04958717152476311, 0.05055221915245056, 0.06531836092472076, 0.04724773392081261, 0.04273475706577301, 0.04341711103916168, 0.04754697531461716, 0.04672626778483391], "accuracy": [0.9375910758972168, 0.9652743935585022, 0.9645459055900574, 0.968188464641571, 0.9720737934112549, 0.9562894701957703, 0.9621175527572632, 0.9623603820800781, 0.9592034816741943, 0.9701311588287354, 0.9686741232872009, 0.9713453054428101, 0.9718309640884399, 0.976930558681488, 0.980330228805542, 0.9645459055900574, 0.9735308289527893, 0.9749878644943237, 0.9759591817855835, 0.9805731177330017, 0.9817872643470764, 0.9742593765258789, 0.971588134765625, 0.968188464641571, 0.9703739881515503, 0.9737736582756042, 0.9747450351715088, 0.9776590466499329, 0.9762020111083984, 0.9686741232872009, 0.9834871292114258, 0.9866440296173096, 0.980087399482727, 0.9740164875984192, 0.9810587763786316, 0.9837299585342407, 0.9817872643470764, 0.9822729229927063, 0.9878581762313843, 0.9817872643470764, 0.9851869940757751, 0.9861583113670349, 0.9849441647529602, 0.982515811920166, 0.9796017408370972, 0.98591548204422, 0.9881010055541992, 0.9876153469085693, 0.9851869940757751, 0.9849441647529602], "val_loss": [0.9032589197158813, 0.9624470472335815, 0.950710117816925, 0.9848482012748718, 1.0023388862609863, 1.1008179187774658, 1.085416555404663, 1.0589962005615234, 1.0940883159637451, 1.0696827173233032, 1.1019383668899536, 1.0214568376541138, 1.0984991788864136, 1.0286833047866821, 1.0712730884552002, 1.0783603191375732, 1.1763215065002441, 1.138659954071045, 1.0888575315475464, 1.1298761367797852, 1.1119916439056396, 1.2199883460998535, 1.098231315612793, 1.2432349920272827, 1.1888201236724854, 1.10377836227417, 1.1172783374786377, 1.1128430366516113, 1.2110073566436768, 1.1600772142410278, 1.091326117515564, 1.236433744430542, 1.269072413444519, 1.1632057428359985, 1.1216809749603271, 1.1121680736541748, 1.148032307624817, 1.0913325548171997, 1.2366863489151, 1.1728477478027344, 1.1591582298278809, 1.162527322769165, 1.3094090223312378, 1.2225641012191772, 1.1751617193222046, 1.2098462581634521, 1.2157928943634033, 1.2334016561508179, 1.2619538307189941, 1.313315510749817], "val_accuracy": [0.7265625, 0.71484375, 0.71484375, 0.71875, 0.70703125, 0.7265625, 0.71875, 0.693359375, 0.7265625, 0.697265625, 0.685546875, 0.70703125, 0.70703125, 0.705078125, 0.724609375, 0.72265625, 0.71875, 0.708984375, 0.7265625, 0.70703125, 0.708984375, 0.716796875, 0.734375, 0.71875, 0.734375, 0.7265625, 0.720703125, 0.720703125, 0.6953125, 0.716796875, 0.7265625, 0.705078125, 0.71484375, 0.716796875, 0.724609375, 0.724609375, 0.732421875, 0.73046875, 0.72265625, 0.720703125, 0.724609375, 0.734375, 0.720703125, 0.736328125, 0.732421875, 0.7265625, 0.734375, 0.732421875, 0.7265625, 0.7265625]}