{"loss": [1.4201167821884155, 0.9817624092102051, 0.8537143468856812, 0.7616138458251953, 0.7043417692184448, 0.6187222003936768, 0.5695413947105408, 0.5464306473731995, 0.502602756023407, 0.4348733127117157, 0.445259153842926, 0.3776254951953888, 0.36617517471313477, 0.3133784234523773, 0.2745155096054077, 0.31619027256965637, 0.2807576656341553, 0.2514561116695404, 0.23697781562805176, 0.21802467107772827, 0.1845475137233734, 0.1746564656496048, 0.16851484775543213, 0.19700491428375244, 0.18037985265254974, 0.16299065947532654, 0.16156336665153503, 0.20915701985359192, 0.18442465364933014, 0.14227457344532013, 0.14481757581233978, 0.12638148665428162, 0.14045268297195435, 0.11173831671476364, 0.1460125893354416, 0.1544797718524933, 0.13417698442935944, 0.1319342851638794, 0.11237361282110214, 0.08742648363113403, 0.1255272626876831, 0.09264454245567322, 0.09748435765504837, 0.0728052482008934, 0.06977111846208572, 0.08182641863822937, 0.07081247121095657, 0.06120411679148674, 0.07218581438064575, 0.12828749418258667], "accuracy": [0.43783390522003174, 0.6223894953727722, 0.6656143665313721, 0.7100534439086914, 0.7365225553512573, 0.7627488970756531, 0.7816901206970215, 0.788489580154419, 0.8103448152542114, 0.8380681872367859, 0.8307430744171143, 0.8625546097755432, 0.8627974987030029, 0.8880524635314941, 0.9021369814872742, 0.883195698261261, 0.8921806812286377, 0.9040796756744385, 0.9145216345787048, 0.9162214398384094, 0.9351627230644226, 0.9388052225112915, 0.9361340403556824, 0.9295774698257446, 0.9293346405029297, 0.9414764642715454, 0.9414764642715454, 0.925934910774231, 0.934434175491333, 0.9473044872283936, 0.9475473761558533, 0.9560466408729553, 0.9502185583114624, 0.9623603820800781, 0.9502185583114624, 0.9424477815628052, 0.9519184231758118, 0.9524040818214417, 0.9611461758613586, 0.9691597819328308, 0.9547821879386902, 0.9655172228813171, 0.968431293964386, 0.9749878644943237, 0.9757163524627686, 0.9701311588287354, 0.9757163524627686, 0.9788732528686523, 0.9735308289527893, 0.9533753991127014], "val_loss": [1.0840638875961304, 0.951332688331604, 0.8675212264060974, 0.8540332317352295, 0.7722451686859131, 0.7373108863830566, 0.753049373626709, 0.8485711812973022, 0.7413554191589355, 0.8743078708648682, 0.8387401700019836, 1.0038868188858032, 0.9545429944992065, 0.8518397808074951, 1.0924465656280518, 0.9048163890838623, 1.0100901126861572, 1.017319679260254, 1.0202486515045166, 1.002756953239441, 1.0387203693389893, 1.0517168045043945, 0.9814794063568115, 1.0163029432296753, 1.0866944789886475, 1.053786039352417, 1.1571776866912842, 1.0237237215042114, 1.0919467210769653, 1.1772457361221313, 1.2088966369628906, 1.172786831855774, 1.2058625221252441, 1.0820294618606567, 1.2558985948562622, 1.301828145980835, 1.2290185689926147, 1.237104892730713, 1.301180124282837, 1.2963435649871826, 1.198620080947876, 1.2883436679840088, 1.3005859851837158, 1.2787504196166992, 1.409165382385254, 1.3230023384094238, 1.3146660327911377, 1.3897762298583984, 1.4107182025909424, 1.5343456268310547], "val_accuracy": [0.552734375, 0.6171875, 0.654296875, 0.6640625, 0.701171875, 0.693359375, 0.708984375, 0.6640625, 0.7109375, 0.67578125, 0.68359375, 0.67578125, 0.666015625, 0.705078125, 0.689453125, 0.703125, 0.689453125, 0.705078125, 0.697265625, 0.6953125, 0.72265625, 0.712890625, 0.7265625, 0.712890625, 0.703125, 0.7109375, 0.708984375, 0.716796875, 0.681640625, 0.703125, 0.689453125, 0.720703125, 0.69921875, 0.724609375, 0.69921875, 0.693359375, 0.71484375, 0.71875, 0.689453125, 0.708984375, 0.72265625, 0.716796875, 0.712890625, 0.708984375, 0.7109375, 0.69921875, 0.7265625, 0.703125, 0.732421875, 0.701171875]}