{"loss": [0.14435698091983795, 0.07873030751943588, 0.0749998465180397, 0.11228524893522263, 0.07407166808843613, 0.06825434416532516, 0.10336903482675552, 0.08860678225755692, 0.06900259107351303, 0.11292923986911774, 0.09280335158109665, 0.08769526332616806, 0.07086645811796188, 0.10140511393547058, 0.07313612848520279, 0.07540334761142731, 0.05849955230951309, 0.0721864327788353, 0.07426716387271881, 0.07799267023801804, 0.07654235512018204, 0.08596678078174591, 0.07635434716939926, 0.05986650660634041, 0.05601264536380768, 0.05015983060002327, 0.05499091371893883, 0.08072958886623383, 0.0924256220459938, 0.07180989533662796, 0.05718187987804413, 0.07201052457094193, 0.08205009251832962, 0.04811389371752739, 0.04679505527019501, 0.04436134919524193, 0.04251767694950104, 0.04661557823419571, 0.054574523121118546, 0.047344088554382324, 0.0644254982471466, 0.06746035814285278, 0.05265979841351509, 0.03997362405061722, 0.045170143246650696, 0.03570420667529106, 0.04390300065279007, 0.040505751967430115, 0.04281237721443176, 0.06132170557975769], "accuracy": [0.9502185583114624, 0.9737736582756042, 0.9747450351715088, 0.9599320292472839, 0.9745022058486938, 0.9754735231399536, 0.9626032114028931, 0.968188464641571, 0.9734848737716675, 0.9609033465385437, 0.9664885997772217, 0.9691597819328308, 0.9742593765258789, 0.9640602469444275, 0.9749878644943237, 0.9686741232872009, 0.9786304235458374, 0.9732879996299744, 0.9740164875984192, 0.9735308289527893, 0.9762020111083984, 0.9686741232872009, 0.9718309640884399, 0.9779018759727478, 0.9817872643470764, 0.9830014705657959, 0.9822729229927063, 0.9692234992980957, 0.9677027463912964, 0.9752306938171387, 0.9781447052955627, 0.9742593765258789, 0.9689169526100159, 0.9820300936698914, 0.9849441647529602, 0.9847013354301453, 0.9848484992980957, 0.9834871292114258, 0.9822729229927063, 0.9839727878570557, 0.9764449000358582, 0.9752306938171387, 0.9832442998886108, 0.9866440296173096, 0.982758641242981, 0.9864011406898499, 0.9849441647529602, 0.985672652721405, 0.985672652721405, 0.9776590466499329], "val_loss": [1.257638692855835, 1.488677978515625, 1.591228723526001, 1.2402955293655396, 1.3894062042236328, 1.4743618965148926, 1.3376796245574951, 1.3836243152618408, 1.4228088855743408, 1.6446037292480469, 1.3562947511672974, 1.3311331272125244, 1.5683561563491821, 1.4990345239639282, 1.4587208032608032, 1.307521939277649, 1.394892692565918, 1.368467926979065, 1.438416600227356, 1.2981106042861938, 1.4520469903945923, 1.4396517276763916, 1.36478590965271, 1.3264517784118652, 1.3525595664978027, 1.4598162174224854, 1.7021925449371338, 1.4492701292037964, 1.3595116138458252, 1.5972143411636353, 1.558558702468872, 1.6017656326293945, 1.3708372116088867, 1.4163188934326172, 1.6654090881347656, 1.455589771270752, 1.492409348487854, 1.4460647106170654, 1.5293259620666504, 1.4186915159225464, 1.7717704772949219, 1.5078811645507812, 1.49269700050354, 1.612144947052002, 1.6227259635925293, 1.5775949954986572, 1.6174321174621582, 1.6282219886779785, 1.7109588384628296, 1.8068771362304688], "val_accuracy": [0.712890625, 0.69921875, 0.712890625, 0.748046875, 0.72265625, 0.71484375, 0.720703125, 0.7265625, 0.728515625, 0.712890625, 0.73046875, 0.744140625, 0.728515625, 0.7421875, 0.7265625, 0.751953125, 0.73828125, 0.736328125, 0.728515625, 0.73828125, 0.728515625, 0.72265625, 0.732421875, 0.7265625, 0.71875, 0.734375, 0.7109375, 0.72265625, 0.73828125, 0.724609375, 0.72265625, 0.72265625, 0.728515625, 0.71875, 0.724609375, 0.7421875, 0.75390625, 0.740234375, 0.71484375, 0.724609375, 0.69140625, 0.7265625, 0.716796875, 0.724609375, 0.734375, 0.71484375, 0.734375, 0.740234375, 0.736328125, 0.71484375]}