{"loss": [1.976689338684082, 1.3968433141708374, 1.1980273723602295, 1.0769206285476685, 0.9281777143478394, 0.8677977919578552, 0.813565731048584, 0.804485023021698, 0.7083873152732849, 0.6818519830703735, 0.6250710487365723, 0.6082910299301147, 0.5654263496398926, 0.5392387509346008, 0.524729311466217, 0.5080174207687378, 0.49669939279556274, 0.48332643508911133, 0.4350031912326813, 0.44349053502082825, 0.40041977167129517, 0.38716304302215576, 0.3759918510913849, 0.3845798075199127, 0.3646150231361389, 0.3556130528450012, 0.32026535272598267, 0.3239525556564331, 0.32478663325309753, 0.3126663267612457, 0.3119035065174103, 0.3036312758922577, 0.27628907561302185, 0.26995038986206055, 0.2672777473926544, 0.2412467896938324, 0.2472081035375595, 0.2788582146167755, 0.2877799868583679, 0.2620187997817993, 0.23046337068080902, 0.19700339436531067, 0.18356230854988098, 0.1825103610754013, 0.17297515273094177, 0.17240454256534576, 0.20376478135585785, 0.1646001636981964, 0.17798857390880585, 0.1850152313709259], "accuracy": [0.3567265570163727, 0.4742593467235565, 0.54273921251297, 0.588392436504364, 0.6420592665672302, 0.6612433195114136, 0.6884409785270691, 0.6903836727142334, 0.7333657145500183, 0.7336085438728333, 0.7515784502029419, 0.7644487619400024, 0.7809616327285767, 0.7950461506843567, 0.796988844871521, 0.8045167326927185, 0.8156872391700745, 0.8152015805244446, 0.8414278626441956, 0.828557550907135, 0.8479844331741333, 0.8542981743812561, 0.85696941614151, 0.848470151424408, 0.8623117804527283, 0.865711510181427, 0.8788246512413025, 0.8761534690856934, 0.8754249811172485, 0.8805245161056519, 0.8848955631256104, 0.8814958930015564, 0.8953375220298767, 0.897523045539856, 0.8994657397270203, 0.9069936871528625, 0.9106362462043762, 0.8897523283958435, 0.8916950225830078, 0.8943662047386169, 0.9089363813400269, 0.9288489818572998, 0.9337056875228882, 0.9327651262283325, 0.9349198937416077, 0.9392909407615662, 0.9218066930770874, 0.9407479166984558, 0.9300631284713745, 0.9334628582000732], "val_loss": [4.927649021148682, 3.1309077739715576, 1.5160144567489624, 1.2813595533370972, 1.315151572227478, 1.192253828048706, 1.253530740737915, 1.0141918659210205, 0.8551028966903687, 0.9344766139984131, 0.7464788556098938, 0.8740428686141968, 0.7878174781799316, 0.7084599733352661, 0.6852614879608154, 0.6494611501693726, 0.7277688980102539, 0.6793383955955505, 0.8032236695289612, 0.6277376413345337, 0.8563642501831055, 0.8065754771232605, 0.665142297744751, 0.6831898093223572, 0.6115777492523193, 0.6879752278327942, 0.6263453960418701, 0.8192609548568726, 2.3453643321990967, 0.559592604637146, 1.1043391227722168, 0.635972261428833, 0.7755903601646423, 0.587733805179596, 0.7183079719543457, 0.710813045501709, 0.6116277575492859, 1.1791146993637085, 0.8694925308227539, 0.7094935178756714, 0.7641086578369141, 0.7077980041503906, 0.7353695631027222, 0.6707284450531006, 0.6312243342399597, 1.8690699338912964, 0.8056783676147461, 0.6189917325973511, 1.5573399066925049, 0.7850651741027832], "val_accuracy": [0.1875, 0.318359375, 0.470703125, 0.50390625, 0.560546875, 0.56640625, 0.544921875, 0.640625, 0.6796875, 0.654296875, 0.708984375, 0.685546875, 0.724609375, 0.748046875, 0.759765625, 0.779296875, 0.732421875, 0.775390625, 0.73828125, 0.78125, 0.740234375, 0.791015625, 0.79296875, 0.80078125, 0.787109375, 0.814453125, 0.814453125, 0.763671875, 0.716796875, 0.833984375, 0.78515625, 0.80078125, 0.78125, 0.83203125, 0.802734375, 0.798828125, 0.826171875, 0.7109375, 0.791015625, 0.8125, 0.771484375, 0.814453125, 0.814453125, 0.828125, 0.83984375, 0.779296875, 0.810546875, 0.82421875, 0.75, 0.806640625]}